#,Name,Classification,Released games,Unreleased games,Total revenue,Avg revenue per game,HQ country,% developed in-house,% indie releases,Action,Casual,Adventure,Simulation,Strategy,RPG,MMO,Racing,Sports
1,Valve,AAA,37,1,$2.3bn,$61.2m,United States,0.95,0.03,0.79,0.11,0.11,0.03,0.11,0,0.05,0.03,0
2,Feral Interactive (Mac),AA,46,0,$1.6bn,$34.4m,United Kingdom,1,0,0.52,0,0.3,0.17,0.41,0.07,0,0.17,0.15
3,Feral Interactive (Linux),AA,30,0,$1.3bn,$44.1m,United Kingdom,1,0,0.4,0,0.17,0.13,0.57,0.03,0,0.17,0.17
4,CD PROJEKT RED,AA,9,0,$1.3bn,$140.8m,Poland,1,0,0.11,0,0.22,0,0.33,0.78,0,0,0
5,"KRAFTON, Inc.",AA,3,0,$1.2bn,$414.3m,South Korea,1,0,0.67,0,0.67,0.33,0.33,0.33,0.33,0,0
6,Aspyr (Mac),AA,12,0,$1.2bn,$98.7m,United States,1,0,0.33,0.08,0.33,0.42,0.67,0.17,0,0,0
7,Treyarch,AAA,11,0,$1.2bn,$107.3m,United States,0.09,0,0.91,0,0.18,0,0,0,0,0,0
8,Capcom Co. Ltd,AAA,53,2,$1.2bn,$21.9m,Japan,0.91,0,0.89,0,0.33,0,0,0.13,0,0,0
9,Bethesda Game Studios,AAA,12,0,$1.1bn,$93.1m,United States,0,0,0,0,0,0.08,0,1,0,0,0
10,Ubisoft Montreal,AAA,38,0,$1.1bn,$28.2m,Canada,0.03,0,0.95,0.03,0.58,0,0.03,0.11,0,0,0
11,Creative Assembly,AA,21,3,$1bn,$47.9m,United Kingdom,0,0.08,0.46,0.04,0,0.04,0.83,0,0,0,0
12,"FromSoftware, Inc",AAA,6,0,$1bn,$167.3m,Japan,0.83,0,1,0,0,0,0,0.5,0,0,0
13,Aspyr (Linux),AA,6,0,$958.7m,$159.8m,United States,1,0,0.5,0,0,0,0.5,0.33,0,0,0
14,Infinity Ward,AA,13,0,$946.9m,$72.8m,United States,0,0,0.92,0,0.08,0,0,0,0,0,0
15,Firaxis Games,AA,21,1,$943.5m,$44.9m,United States,0,0,0,0.09,0,0,0.95,0.09,0,0,0
16,Raven Software,Indie,20,0,$843.1m,$42.2m,United States,0,0,1,0,0,0,0,0,0,0.05,0
17,Sledgehammer Games,Indie,9,0,$804.5m,$89.4m,United States,0,0,1,0,0,0,0,0,0,0,0
18,Larian Studios,AA,8,0,$755.9m,$94.5m,Belgium,1,0.25,0.13,0,0.5,0,0.63,1,0,0,0
19,Rockstar North,AAA,6,0,$754.1m,$125.7m,United Kingdom,0,0,1,0,0.33,0,0.17,0,0,0,0
20,Beenox,Indie,11,0,$694.5m,$63.1m,N/A,0,0,0.91,0,0.18,0,0,0,0,0.09,0
21,High Moon Studios,Indie,6,0,$672.3m,$112m,United States,0,0,1,0,0,0,0,0,0,0,0
22,Toys for Bob,Indie,5,0,$666.1m,$133.2m,United States,0,0.2,1,0,0.4,0,0.2,0,0,0,0
23,Activision Shanghai,Indie,4,0,$659.8m,$164.9m,N/A,0,0,1,0,0,0,0,0,0,0,0
24,Demonware,Indie,3,0,$652.7m,$217.6m,N/A,0,0,1,0,0,0,0,0,0,0,0
25,Paradox Development Studio,AA,18,0,$649m,$36.1m,Sweden,0,0,0,0,0,0.5,1,0.17,0,0,0
26,Hidden Path Entertainment,Indie,5,0,$646.2m,$129.2m,United States,0.4,0.6,0.2,0.2,0.2,0.2,0.6,0.2,0.2,0,0
27,Bohemia Interactive,AAA,21,0,$638.1m,$30.4m,Czech Republic,1,0.1,0.67,0.1,0.24,0.57,0.57,0,0.05,0,0
28,DICE,Indie,12,0,$588.1m,$49m,N/A,0,0,1,0.08,0.42,0,0.08,0,0.08,0,0
29,Rockstar Games,AAA,9,0,$564.9m,$62.8m,United States,1,0,1,0,0.67,0,0,0,0,0,0
30,Techland,AA,14,0,$542.4m,$38.7m,Poland,0.14,0,0.71,0,0.07,0.14,0,0.29,0,0.29,0
31,Blue Mammoth Games,Indie,1,0,$502.4m,$502.4m,United States,0,1,1,0,0,0,0,0,0,0,0
32,Gearbox Software,AA,19,0,$487.6m,$25.7m,United States,0,0,0.84,0.05,0.16,0.05,0.05,0.42,0,0,0
33,Instinct Games,Indie,3,0,$474.8m,$158.3m,N/A,0,0.67,1,0,1,0,0.33,1,1,0,0
34,Virtual Basement LLC,Indie,5,0,$454.5m,$90.9m,N/A,0.2,1,1,0.2,0.6,0,0.6,0.6,0.6,0,0.2
35,Efecto Studios,Indie,4,1,$449.3m,$112.3m,Colombia,0,0.8,1,0.2,0.4,0,0.4,0.4,0.4,0,0
36,Studio Wildcard,AA,2,1,$449.3m,$224.6m,United States,1,1,1,0,1,0,0.33,1,1,0,0
37,Square Enix,AAA,94,7,$444m,$4.7m,Japan,0.85,0,0.38,0.04,0.27,0.05,0.06,0.71,0.04,0,0
38,Facepunch Studios,AA,6,0,$435.1m,$72.5m,United Kingdom,0.83,0.83,0.5,0.17,0.17,0.33,0.33,0.17,0.17,0,0
39,Ubisoft Kiev,AAA,7,0,$433.2m,$61.9m,Ukraine,0,0,0.86,0,0.57,0,0,0.14,0,0.14,0.29
40,id Software,AA,25,0,$425.9m,$17m,United States,0.44,0.04,1,0.04,0,0,0,0,0,0,0
41,Relic Entertainment,Indie,28,0,$415m,$14.8m,Canada,0,0.04,0.39,0,0,0.07,0.93,0,0.04,0,0
42,Ubisoft Shanghai,AAA,4,0,$412.2m,$103m,N/A,0,0,1,0,1,0,0,0.25,0,0,0
43,Playground Games,Indie,2,0,$388m,$194m,United Kingdom,0,0,0.5,0,0.5,0.5,0,0,0,1,0.5
44,Eidos-Montréal,AA,6,4,$380.9m,$63.5m,N/A,0,0,1,0,1,0,0,0.1,0,0,0
45,Visual Concepts,AAA,21,0,$364.6m,$17.4m,United States,0,0,0,0,0,0.67,0,0,0,0.05,0.9
46,TaleWorlds Entertainment,AA,4,0,$342.1m,$85.5m,Turkey,1,0.5,0.75,0,0,0.25,0.25,1,0,0,0
47,Crystal Dynamics,Indie,14,2,$328.4m,$23.5m,United States,0,0,0.94,0,0.88,0,0,0.06,0,0,0
48,"KOEI TECMO GAMES CO., LTD.",AAA,128,3,$326.5m,$2.6m,Japan,0.92,0,0.29,0.02,0.14,0.2,0.34,0.34,0.05,0.03,0.04
49,Tripwire Interactive,AA,11,1,$325.7m,$29.6m,United States,0.92,0.08,1,0,0.08,0.17,0.08,0.08,0.17,0,0
50,Obsidian Entertainment,AA,15,1,$324.9m,$21.7m,United States,0.06,0.06,0.5,0.13,0.38,0.06,0.13,0.81,0.06,0.06,0
51,Avalanche Software,AA,9,0,$316.5m,$35.2m,United States,0,0,1,0,1,0,0,0.11,0,0.11,0
52,Ubisoft Montpellier,AAA,8,0,$315.2m,$39.4m,France,0,0,0.75,0,0.75,0.13,0,0.13,0,0,0.25
53,Nixxes,Indie,4,0,$312.5m,$78.1m,N/A,0,0,1,0,1,0,0,0.25,0,0,0
54,Frontier Developments,AA,13,1,$309.7m,$23.8m,United Kingdom,0.79,0,0.29,0.14,0.36,0.71,0.64,0.14,0.14,0,0
55,Ubisoft Toronto,AAA,7,0,$304.3m,$43.5m,Canada,0,0,1,0,0.71,0,0,0,0,0,0
56,Ubisoft Bucharest,AAA,3,0,$280.8m,$93.6m,N/A,0,0,1,0,1,0,0,0.33,0,0,0
57,Rebellion,AA,22,0,$279.5m,$12.7m,United Kingdom,0.91,0,0.91,0,0.23,0.05,0.09,0,0,0,0.05
58,QLOC,Indie,16,0,$278.6m,$17.4m,Poland,0,0,0.63,0.13,0.25,0.19,0.19,0.25,0.06,0,0
59,EA Canada & EA Romania,Indie,2,1,$275.2m,$137.6m,N/A,0,0,0,0,0,1,0,0,0,0,1
60,Ubisoft Quebec,AAA,3,0,$270.2m,$90.1m,N/A,0,0,1,0,0.33,0,0,0.33,0,0,0
61,Avalanche Studios,AA,10,0,$265.1m,$26.5m,Sweden,0.2,0,1,0,0.7,0.2,0,0,0,0,0.1
62,Splash Damage,Indie,6,0,$263.4m,$43.9m,United Kingdom,0,0,0.83,0,0.17,0,0.17,0,0,0,0
63,Endnight Games Ltd,AA,2,0,$262.3m,$131.1m,Canada,0.5,1,1,0,1,1,0,0,0,0,0
64,Mediatonic,Indie,8,0,$257.3m,$32.2m,United Kingdom,0.13,0.75,0.38,0.5,0.38,0.13,0.25,0.13,0.13,0,0.13
65,Behaviour Interactive Inc.,Indie,6,0,$257.3m,$42.9m,Canada,0.83,0,0.83,0.17,0.33,0,0.33,0,0.17,0,0
66,OVERKILL - a Starbreeze Studio.,Indie,2,0,$256.8m,$128.4m,N/A,0,0,1,0,0,0,0,0.5,0,0,0
67,Codemasters,AA,18,1,$252.1m,$14m,United Kingdom,0.74,0,0.21,0.11,0.11,0.58,0,0,0,0.95,0.84
68,Klei Entertainment,AA,11,2,$244.8m,$22.3m,Canada,0.92,0.85,0.69,0.08,0.54,0.31,0.23,0.23,0,0.08,0
69,Rare Ltd,Indie,1,0,$239.6m,$239.6m,United Kingdom,0,0,1,0,1,0,0,0,0,0,0
70,Amazon Games,AAA,1,0,$239.5m,$239.5m,United States,1,0,1,0,1,0,0,1,1,0,0
71,Forgotten Empires,Indie,5,0,$238.3m,$47.7m,N/A,0,0,0,0,0,0,1,0,0,0,0
72,FromSoftware,AAA,3,0,$236m,$78.7m,Japan,0,0,1,0,0.33,0,0,0.33,0,0,0
73,Ubisoft,AAA,21,1,$234.4m,$11.2m,France,1,0.05,0.55,0.18,0.55,0.23,0.05,0.23,0.05,0,0.05
74,Colossal Order Ltd.,Indie,3,1,$228.1m,$76m,Finland,0,0,0,0,0,1,0.5,0,0,0,0
75,Saber Interactive,Indie,14,2,$224.5m,$16m,United States,0.06,0,0.63,0,0.19,0.31,0,0.06,0.06,0.19,0.25
76,Arkane Studios,Indie,14,0,$222.2m,$15.9m,France,0.07,0,0.93,0,0.14,0,0,0.21,0,0,0
77,Respawn Entertainment,Indie,5,0,$220m,$44m,United States,0,0,1,0,0.4,0,0,0,0,0,0
78,Capcom,AAA,17,0,$219.3m,$12.9m,Japan,1,0,1,0,0.53,0,0,0.06,0,0,0
79,Psyonix LLC,Indie,1,0,$218.1m,$218.1m,United States,1,1,1,0,0,0,0,0,0,1,1
80,Fatshark,AA,11,0,$202.7m,$18.4m,Sweden,0.82,0.64,0.73,0.27,0.55,0,0.18,0.09,0,0,0.09
81,2K Australia,AAA,5,0,$202.2m,$40.4m,N/A,0,0,1,0,0,0,0,0.8,0,0,0
82,Monolith Productions,Indie,6,0,$197m,$32.8m,United States,0,0,0.83,0,0.67,0,0.17,0.17,0,0,0
83,Ubisoft Singapore,AAA,2,0,$194.9m,$97.4m,N/A,0,0,0.5,0,0.5,0,0,0.5,0,0,0
84,Red Storm,Indie,1,0,$191.5m,$191.5m,N/A,0,0,1,0,1,0,0,0,0,0,0
85,343 Industries,Indie,5,0,$189.7m,$37.9m,United States,0,0,0.8,0,0,0,0.2,0,0,0,0
86,Kinetic Games,Indie,1,0,$189.2m,$189.2m,United Kingdom,1,1,1,0,0,0,0,0,0,0,0
87,BANDAI NAMCO Studios Inc.,AAA,19,3,$187.4m,$9.9m,Japan,0,0.05,0.86,0.32,0.09,0.09,0,0.23,0.14,0.05,0.05
88,Ruffian Games,Indie,3,0,$182.5m,$60.8m,United Kingdom,0.67,0.67,1,0.33,0,0,0,0,0,0,0.33
89,Bungie,AA,2,0,$182.5m,$91.2m,United States,0.5,0,1,0,0.5,0,0,0,0,0,0
90,SCS Software,AA,20,0,$182.1m,$9.1m,Czech Republic,0.3,0.3,0.2,0.05,0.05,0.9,0.05,0,0,0.05,0.2
91,Sports Interactive,Indie,21,1,$180.9m,$8.6m,United Kingdom,0,0.09,0,0,0,0.86,0.05,0,0,0,0.91
92,Ensemble Studios,Indie,5,0,$178.9m,$35.8m,United States,0,0,0.2,0,0,0.4,1,0,0,0,0
93,Redbeet Interactive,Indie,1,0,$174.7m,$174.7m,Sweden,0,1,0,0,1,1,0,0,0,0,0
94,Supergiant Games,AA,4,1,$173.8m,$43.5m,United States,1,1,1,0,0,0,0,1,0,0,0
95,4A Games,Indie,5,0,$172.8m,$34.6m,Ukraine,0,0,1,0,0,0,0,0,0,0,0
96,ARC SYSTEM WORKS,Indie,40,2,$172.4m,$4.3m,Japan,0.62,0.05,0.76,0.07,0.17,0.1,0.07,0.1,0,0.02,0.05
97,The Fun Pimps,Indie,1,0,$171.2m,$171.2m,N/A,0,1,1,0,1,1,1,1,0,0,0
98,Coffee Stain Studios,Indie,5,0,$170.9m,$34.2m,Sweden,0,1,0.4,0.6,0.2,0.4,0.8,0,0,0,0
99,Unknown Worlds Entertainment,AA,5,2,$170.6m,$34.1m,United States,0.71,0.86,0.43,0.14,0.29,0,0.43,0,0,0,0
100,Rocksteady Studios,Indie,5,0,$167.7m,$33.5m,United Kingdom,0,0,0.8,0,1,0,0,0,0,0,0
101,Torn Banner Studios,Indie,5,0,$166m,$33.2m,Canada,0.6,0.6,1,0,0,0,0,0,0.2,0,0
102,Crytek,AA,14,0,$165m,$11.8m,Germany,0.71,0,0.71,0,0.21,0.14,0.07,0,0,0,0
103,NetherRealm Studios,Indie,7,0,$164.7m,$23.5m,N/A,0,0,1,0,0,0,0,0,0,0,0
104,Iron Gate AB,Indie,1,0,$163.2m,$163.2m,Sweden,0,1,1,0,1,0,0,1,0,0,0
105,Re-Logic,Indie,1,0,$160.6m,$160.6m,United States,1,1,1,0,1,0,0,1,0,0,0
106,SkyBox Labs,Indie,5,0,$154.3m,$30.9m,Canada,0.4,0.4,0,0,0.2,0.4,0.8,0,0,0,0
107,Offworld Industries,AA,3,1,$154.3m,$51.4m,Canada,1,1,1,0.25,0,0,0.5,0,0.25,0,0
108,Machine Games,Indie,12,0,$149.1m,$12.4m,N/A,0,0,1,0,0,0,0,0,0,0,0
109,Daybreak Game Company,AA,6,0,$146m,$24.3m,United States,1,0,0.5,0,0.5,0,0,0.17,1,0,0
110,"CyberConnect2 Co., Ltd.",Indie,7,1,$143.8m,$20.5m,Japan,0,0,1,0,0.75,0,0.13,0.13,0,0,0
111,Insomniac Games,Indie,6,0,$143.2m,$23.9m,United States,0.17,0.17,0.83,0.33,0.83,0,0,0,0,0,0
112,AMPLITUDE Studios,Indie,7,1,$142.8m,$20.4m,France,0,0.25,0.13,0.13,0.13,0.13,0.88,0.25,0,0,0
113,ConcernedApe,AA,1,0,$141.1m,$141.1m,United States,1,1,0,0,0,1,0,1,0,0,0
114,World's Edge,Indie,3,0,$139.8m,$46.6m,N/A,0,0,0,0,0,0,1,0,0,0,0
115,Nixxes software,Indie,3,1,$138.6m,$46.2m,N/A,0,0,1,0.25,0.75,0,0,0.25,0,0,0
116,Giants Software,Indie,9,0,$135.4m,$15m,Switzerland,0.89,0,0,0.33,0,1,0,0,0,0,0
117,No Brakes Games,Indie,1,1,$135.2m,$135.2m,Spain,0,0.5,0.5,1,1,0.5,0,0,0,0,0
118,Irrational Games,Indie,4,1,$134m,$33.5m,United States,0,0,0.6,0,0,0,0.4,0.8,0,0,0
119,Virtual Programming (Linux),Indie,1,0,$131.3m,$131.3m,N/A,0,0,1,0,0,0,0,0,0,0,0
120,Massive Entertainment,Indie,3,0,$130.6m,$43.5m,Sweden,0,0,0.33,0,0.33,0,0.67,0.33,0,0,0
121,Io-Interactive A/S,Indie,9,0,$128.7m,$14.3m,Denmark,0.89,0,1,0,0.11,0,0,0,0,0,0
122,Hopoo Games,Indie,3,1,$128.3m,$42.8m,United States,0.25,0.75,1,0,0,0,0,0.25,0,0,0
123,Telltale Games,Indie,41,0,$128.2m,$3.1m,United States,0.49,0,0.17,0.07,0.85,0,0,0,0,0,0.05
124,The Behemoth,Indie,3,2,$127.5m,$42.5m,United States,1,0.8,1,0.4,0.4,0,0.2,0.4,0,0,0
125,Turtle Rock Studios,Indie,2,0,$127.5m,$63.7m,United States,0,0,1,0,0,0,0,0,0,0,0
126,Hello Games,AA,4,0,$126.4m,$31.6m,United Kingdom,1,0.75,0.75,0.5,0.5,0,0,0,0,0.5,0
127,Croteam,Indie,21,1,$126m,$6m,Croatia,0.14,0.95,0.82,0.05,0.18,0.05,0.18,0.09,0,0,0
128,Asobo Studio,Indie,8,0,$125.3m,$15.7m,France,0,0,0.38,0.13,0.63,0.25,0,0,0,0,0
129,Traveller's Tales,Indie,17,0,$124.6m,$7.3m,United Kingdom,0,0,0.76,0,0.88,0,0,0,0,0,0
130,New World Interactive,Indie,3,0,$122.9m,$41m,Canada,0.67,0.67,1,0,0,0,0.67,0,0,0,0
131,Hazelight,Indie,2,0,$122.2m,$61.1m,Sweden,0,0.5,1,0,1,0,0,0,0,0,0
132,Remedy Entertainment,Indie,9,0,$119.3m,$13.3m,Finland,0.33,0,1,0,0.33,0,0,0,0,0.11,0
133,BioWare,AAA,15,0,$117.5m,$7.8m,Canada,0.07,0,0.47,0,0.2,0.07,0.13,0.87,0.07,0,0
134,ATLUS,Indie,14,3,$115m,$8.2m,Japan,0,0,0.12,0,0.41,0,0.18,0.82,0,0,0
135,Wube Software LTD.,AA,1,0,$113.5m,$113.5m,Czech Republic,1,1,0,1,0,1,1,0,0,0,0
136,VOID Interactive,Indie,1,1,$111.3m,$111.3m,Ireland,1,1,1,0,1,0.5,0.5,0,0,0,0
137,Ghost Ship Games,Indie,1,0,$109.9m,$109.9m,Denmark,0,0,1,0,0,0,0,0,0,0,0
138,Ghost Games,Indie,3,0,$109.7m,$36.6m,Sweden,0,0,1,0,1,0.33,0.33,0,0,1,0.67
139,Ubisoft Annecy,AAA,5,0,$109.1m,$21.8m,N/A,0,0,0.8,0,0.4,0,0,0,0.2,0,0.6
140,KOJIMA PRODUCTIONS,Indie,2,0,$107.9m,$54m,Japan,0,0,1,0,1,0,0,0,0,0,0
141,Guerrilla,AA,1,1,$106.8m,$106.8m,Netherlands,0,0,1,0,0.5,0,0,1,0,0,0
142,Haemimont Games,Indie,16,0,$106.7m,$6.7m,Bulgaria,0.25,0.06,0.19,0,0.13,0.56,0.88,0.13,0,0,0
143,11 bit studios,AA,7,2,$104.5m,$14.9m,Poland,1,0.44,0.56,0,0.22,0.33,0.78,0,0,0,0
144,Gunfire Games,Indie,5,0,$104.4m,$20.9m,United States,0,0,1,0,1,0,0,0.8,0,0,0
145,Squad,Indie,1,0,$102.2m,$102.2m,N/A,0,1,0,0,0,1,0,0,0,0,0
146,Red Barrels,AA,3,0,$101.5m,$33.8m,Canada,1,1,1,0,1,0,0,0,0,0,0
147,Ubisoft Paris,AAA,5,0,$101.4m,$20.3m,France,0,0,0.8,0.2,0.6,0,0,0,0,0,0
148,KONAMI,Indie,16,7,$101.2m,$6.3m,N/A,1,0.04,0.78,0.17,0.22,0.13,0.13,0.13,0.04,0.04,0.13
149,PlatinumGames Inc.,Indie,6,0,$99.6m,$16.6m,N/A,0.5,0.17,1,0,0.5,0,0,0.5,0,0,0
150,Moon Studios GmbH,Indie,3,0,$98.5m,$32.8m,N/A,0,0,1,0,0,0,0,0,0,0,0
151,DONTNOD Entertainment,Indie,6,0,$98.3m,$16.4m,France,0,0,0.5,0,0.83,0,0,0.17,0,0,0
152,TT Games,Indie,15,0,$97.7m,$6.5m,N/A,0.27,0.27,0.87,0.27,0.6,0,0,0.07,0,0,0
153,SEGA,AAA,76,2,$97.4m,$1.3m,Japan,1,0.01,0.58,0.09,0.18,0.05,0.08,0.18,0.01,0.01,0.04
154,The Indie Stone,Indie,1,0,$95.4m,$95.4m,United Kingdom,1,1,0,0,0,1,0,1,0,0,0
155,Blue Byte,Indie,9,0,$94.8m,$10.5m,Germany,0,0,0.22,0,0,0.44,0.78,0.22,0.11,0,0
156,Introversion Software,Indie,8,0,$94.3m,$11.8m,United Kingdom,0.88,1,0,0,0.13,0.25,0.75,0,0,0,0
157,Flying Wild Hog,Indie,9,0,$92.1m,$10.2m,Poland,0.11,0.33,1,0.11,0.89,0,0,0.11,0,0,0
158,Volition,Indie,9,0,$91.7m,$10.2m,United States,0,0,0.89,0,0.11,0,0.11,0.11,0,0,0
159,鬼谷工作室,Indie,1,0,$91.1m,$91.1m,China,1,1,1,0,1,1,0,1,0,0,0
160,Double Eleven,Indie,7,0,$91.1m,$13m,United Kingdom,0.71,0.29,0.57,0,0.14,0.14,0.43,0.14,0,0,0
161,Digital Extremes,Indie,7,0,$90.9m,$13m,Canada,0.14,0,1,0,0.14,0,0,0.29,0,0,0
162,Climax Studios,Indie,13,0,$90.1m,$6.9m,United Kingdom,0,0.08,0.77,0,0.62,0.08,0.08,0.15,0,0.08,0.23
163,Electronic Arts,AAA,3,0,$89m,$29.7m,United States,1,0,0.33,0,0,0.67,0.33,0,0,0,0.67
164,Ubisoft Belgrade,AAA,2,0,$88.7m,$44.3m,N/A,0,0,0.5,0,0.5,0,0,0,0.5,0,0.5
165,"Spike Chunsoft Co., Ltd.",Indie,21,0,$88.3m,$4.2m,Japan,0.86,0,0.19,0,0.52,0.05,0,0.24,0,0,0.05
166,Paradox Tinto,Indie,1,0,$87.8m,$87.8m,N/A,0,0,0,0,0,1,1,0,0,0,0
167,Feral Interactive (Mac/Linux),AA,3,0,$87.2m,$29.1m,United Kingdom,1,0,0,0,0,0,1,0,0,0,0
168,Eidos Montreal,AA,4,0,$86.4m,$21.6m,N/A,0,0,1,0,0,0,0,1,0,0,0
169,BlueTwelve Studio,Indie,1,0,$86.4m,$86.4m,France,0,1,0,0,1,0,0,0,0,0,0
170,Kunos Simulazioni,Indie,2,0,$86.3m,$43.2m,Italy,0.5,0.5,0,0,0,1,0,0,0,1,1
171,Team17 Digital Ltd,AA,18,0,$86.3m,$4.8m,United Kingdom,0.94,0.33,0.28,0.11,0.06,0,0.67,0.06,0,0,0.06
172,Hangar 13,AA,3,0,$86.3m,$28.8m,United States,0,0,1,0,1,0,0,0,0,0,0
173,Reflections,Indie,2,0,$85.9m,$43m,N/A,0,0,1,0,1,0,0,0,0,0,0
174,Ubisoft Milan,AAA,2,0,$85.9m,$43m,N/A,0,0,1,0,1,0,0,0,0,0,0
175,Stunlock Studios,Indie,5,0,$85.8m,$17.2m,Sweden,0.8,0,1,0,0.2,0,0,0,0.6,0,0
176,Ryu Ga Gotoku Studio,Indie,12,2,$85.4m,$7.1m,N/A,0,0,1,0,0.93,0,0,0.29,0,0,0
177,Ludeon Studios,AA,1,0,$83.7m,$83.7m,Canada,1,1,0,0,0,1,1,0,0,0,0
178,Quantic Dream,Indie,4,0,$83.5m,$20.9m,France,0.75,0,0.75,0,0.75,0,0,0.25,0,0,0
179,Deep Silver Volition,Indie,5,0,$83.1m,$16.6m,N/A,0,0,1,0,0.6,0,0,0,0,0,0
180,DIMPS,Indie,4,0,$82.6m,$20.7m,Japan,0,0,1,0.25,0.25,0,0,0.25,0.25,0,0
181,BeamNG,AA,1,0,$81.7m,$81.7m,Germany,1,0,0,0,0,1,0,0,0,1,0
182,Santa Monica Studio,Indie,1,0,$81.6m,$81.6m,United States,0,0,1,0,1,0,0,1,0,0,0
183,Tango Gameworks,Indie,5,0,$80.4m,$16.1m,Japan,0,0,0.8,0.2,0.4,0,0,0,0,0,0
184,Hinterland Studio Inc.,Indie,1,0,$80.3m,$80.3m,Canada,1,1,0,0,1,1,1,0,0,0,0
185,Runic Games,Indie,3,0,$79.3m,$26.4m,United States,1,0.67,0.67,0,0.67,0,0,0.67,0,0,0
186,24 Entertainment,Indie,2,0,$79.2m,$39.6m,China,1,0,1,0,1,0,0,0,0.5,0,0
187,Arrowhead Game Studios,Indie,4,0,$78.9m,$19.7m,Sweden,0,0,1,0,0.25,0,0,0.5,0,0,0
188,Rockstar Toronto,AAA,1,0,$78.7m,$78.7m,N/A,0,0,1,0,1,0,0,0,0,0,0
189,Funcom,AA,10,2,$78.6m,$7.9m,Norway,1,0,0.83,0,0.92,0.17,0.25,0.83,0.67,0,0
190,"Jackbox Games, Inc.",Indie,23,0,$78.1m,$3.4m,United States,1,1,0,1,0,0,1,0,0,0,0
191,Berserk Games,Indie,1,0,$77.4m,$77.4m,United States,1,1,0,1,0,1,1,1,0,0,0
192,Shiro Games,AA,7,0,$76.8m,$11m,France,1,0.86,0.43,0.14,0.57,0.14,0.43,0.57,0,0,0
193,Frozenbyte,AA,13,0,$76.6m,$5.9m,Finland,0.77,0.54,1,0,0.54,0.08,0.08,0.23,0.08,0,0
194,Double Fine Productions,Indie,18,0,$76m,$4.2m,United States,0.78,0.28,0.33,0.22,0.67,0.06,0.22,0.11,0,0,0
195,EA Canada,AAA,1,0,$75.8m,$75.8m,N/A,0,0,0,0,0,1,0,0,0,0,1
196,Warhorse Studios,AA,1,0,$75.5m,$75.5m,Czech Republic,1,0,1,0,1,0,0,1,0,0,0
197,Frictional Games,AA,7,0,$75m,$10.7m,Sweden,1,1,0.71,0,1,0,0,0,0,0,0
198,BANDAI NAMCO Studios,AAA,1,0,$74.9m,$74.9m,N/A,0,0,1,0,0,0,0,1,0,0,0
199,"Ubisoft Montreal, Red Storm, Shanghai, Toronto, Kiev",AAA,1,0,$74.9m,$74.9m,N/A,0,0,1,0,1,0,0,0,0,0,0
200,ZA/UM,Indie,1,0,$74.8m,$74.8m,Estonia,1,0,0,0,0,0,0,1,0,0,0
201,Stardock Entertainment,AA,19,0,$74.6m,$3.9m,United States,1,0.74,0.16,0.11,0.11,0.42,0.95,0.26,0,0,0
202,THQ Nordic,AA,19,0,$74.2m,$3.9m,Austria,0.95,0,0.42,0,0.21,0.21,0.42,0.42,0,0.11,0.05
203,"Ubisoft Montreal, Massive Entertainment, and Ubisoft Shanghai",AAA,1,0,$73.1m,$73.1m,Canada,0,0,1,0,1,0,0,0,0,0,0
204,Daedalic Entertainment,Indie,24,2,$72.9m,$3m,Germany,0.96,0.92,0.12,0.08,0.96,0.04,0.12,0.19,0,0,0
205,Red Hook Studios,AA,2,0,$72.7m,$36.4m,Canada,1,1,0,0,0,0,1,1,0,0,0
206,Zenimax Online Studios,Indie,3,0,$72.2m,$24.1m,United States,0,0,0.67,0,0.33,0,0,1,1,0,0
207,2K Boston,AAA,2,0,$70.3m,$35.1m,N/A,0,0,1,0,0,0,0,1,0,0,0
208,Tantalus Media,Indie,2,0,$69.8m,$34.9m,N/A,0,0,0,0,0,0,1,0,0,0,0
209,People Can Fly,Indie,3,0,$69.3m,$23.1m,Poland,0,0,1,0,0.67,0,0,0.33,0,0,0
210,Coatsink,Indie,8,1,$68.2m,$8.5m,United Kingdom,0.67,0.78,0.33,0.44,0.44,0.33,0.44,0,0,0,0
211,"Nicalis, Inc.",Indie,8,0,$68m,$8.5m,United States,1,0.63,0.75,0.25,0.63,0,0.13,0.13,0,0,0
212,YAGER,Indie,3,0,$67.9m,$22.6m,Germany,0.33,0,1,0,0.33,0,0,0,0.67,0,0
213,Ninja Theory,Indie,6,1,$67.7m,$11.3m,United Kingdom,0.57,0.29,1,0,0.71,0,0,0,0,0,0
214,Slightly Mad Studios,Indie,8,0,$66.6m,$8.3m,United Kingdom,0.25,0,0.13,0,0,0.25,0,0,0,1,0.25
215,Studio MDHR Entertainment Inc.,AA,1,0,$66.5m,$66.5m,United States,1,1,1,0,0,0,0,0,0,0,0
216,Blind Squirrel,Indie,2,0,$65m,$32.5m,N/A,0,0,1,0,0,0,0,1,0,0,0
217,Edmund McMillen,Indie,6,1,$64.3m,$10.7m,United States,0.71,0.86,0.43,0.14,0.71,0.14,0.29,0.14,0,0,0
218,Toadman Interactive,Indie,3,1,$64.3m,$21.4m,Sweden,0.75,0.25,1,0.25,0.5,0,0.5,0.25,0.5,0,0.25
219,PlatinumGames,Indie,14,0,$64.1m,$4.6m,N/A,0,0.64,0.36,0.64,0.86,0,0.14,0,0,0,0
220,FireFly Studios,Indie,13,1,$63.5m,$4.9m,United Kingdom,0.86,0,0.07,0,0,0.64,0.93,0.07,0.14,0,0
221,Vigil Games,Indie,4,0,$62.9m,$15.7m,United States,0,0,1,0,1,0,0,0.5,0,0,0
222,Team17,Indie,5,0,$62.6m,$12.5m,United Kingdom,0.8,0.8,0.6,0.4,0.2,0.2,0.4,0,0,0,0
223,Artplant,Indie,4,0,$62.6m,$15.6m,Norway,0.5,0.25,1,0,0.25,0.25,0.5,0.25,0.5,0.25,0.25
224,RuneStorm,Indie,4,0,$62.1m,$15.5m,N/A,0.75,1,0.25,0,0,0.75,0.25,0,0,0,0
225,Boneloaf,Indie,1,0,$60.9m,$60.9m,United Kingdom,1,1,1,1,1,1,0,0,0,0,0
226,Maxis™,Indie,3,0,$60.8m,$20.3m,United States,0,0,0.33,0.67,0.67,1,0.33,0.33,0,0,0
227,Respawn,Indie,1,0,$60.3m,$60.3m,N/A,0,0,1,0,1,0,0,0,0,0,0
228,MOTIVE,Indie,2,0,$60.3m,$30.1m,Canada,0,0,1,0,0.5,0.5,0,0,0,0,0
229,Chucklefish,AA,2,2,$60.2m,$30.1m,United Kingdom,1,0.75,0.25,0.25,0.25,0.25,0.5,0.5,0,0,0
230,Steel Wool Studios,Indie,7,0,$60.1m,$8.6m,United States,0.43,0.29,0.57,0.29,0.29,0.14,0.29,0,0,0,0
231,Realmforge Studios,Indie,10,1,$59.7m,$6m,Germany,0,0,0.27,0,0.18,0.64,0.91,0.36,0,0,0
232,Shiver,Indie,1,0,$59.6m,$59.6m,N/A,0,0,1,0,0,0,0,0,0,0,0
233,Expansive Worlds,Indie,4,0,$59.2m,$14.8m,Sweden,1,0,0.5,0.25,1,1,0,0,0,0,0.75
234,Piranha Bytes,Indie,8,0,$58.9m,$7.4m,Germany,0,0,0.63,0,0.25,0,0,1,0,0,0
235,Undead Labs,Indie,4,0,$58.8m,$14.7m,United States,0,0,1,0.25,0.25,0.75,0.25,1,0,0,0
236,WOLCEN Studio,AA,1,0,$58.3m,$58.3m,France,1,1,1,0,1,0,0,1,0,0,0
237,Team Cherry,AA,1,1,$58m,$58m,Australia,1,1,1,0,1,0,0,0,0,0,0
238,Red Dot Games,Indie,7,0,$56.9m,$8.1m,Poland,0.14,0,0.14,0,0,1,0,0.14,0,0.71,0
239,Keen Software House,AA,4,0,$56.8m,$14.2m,Czech Republic,1,1,1,0,0.25,0.75,0.5,0.25,0,0,0
240,Landfall,Indie,8,0,$56.3m,$7m,Sweden,0.88,1,0.88,0.13,0.13,0.25,0.25,0,0,0.13,0
241,Crate Entertainment,AA,2,0,$56.2m,$28.1m,United States,1,1,0.5,0,0.5,0.5,0.5,0.5,0,0,0
242,Naughty Dog LLC,AA,2,0,$56.1m,$28.1m,N/A,0,0,0.5,0,1,0,0,0,0,0,0
243,Wicked Witch,Indie,7,0,$56.1m,$8m,Australia,0.43,0,0.14,0.29,0,0.29,0.14,0,0,0,0.71
244,Monomi Park,Indie,2,0,$54.5m,$27.2m,United States,1,1,1,0.5,1,1,0,0,0,0,0
245,Bend Studio,Indie,1,0,$54.2m,$54.2m,United States,0,0,1,0,1,0,0,0,0,0,0
246,2K Czech,AAA,1,0,$54.1m,$54.1m,0,0,0,1,0,0,0,0,0,0,0,0
247,CI Games,AA,8,0,$53.2m,$6.6m,Poland,1,0,1,0,0,0,0,0.13,0,0,0
248,inXile Entertainment,Indie,13,1,$52.6m,$4m,United States,0.79,0.21,0.36,0,0.36,0,0.36,0.79,0,0,0
249,Digitalmindsoft,Indie,6,1,$52.3m,$8.7m,Germany,0.29,0.14,0.71,0,0,0.71,1,0,0,0,0
250,GSC Game World,Indie,12,1,$52m,$4.3m,Ukraine,0.38,0,0.38,0,0.15,0,0.69,0.31,0,0,0
251,Ubisoft - San Francisco,AAA,4,0,$51.5m,$12.9m,United States,0.25,0,0,0.75,0,0.5,0,0.25,0,0,0
252,Triumph Studios,Indie,9,0,$51m,$5.7m,Netherlands,0,0,0,0,0,0,0.67,0.78,0,0,0
253,Eugen Systems,Indie,9,0,$50.8m,$5.6m,France,0.67,0.67,0.56,0,0,0.67,0.78,0,0,0,0
254,Sledgehammer,Indie,1,0,$48.8m,$48.8m,N/A,0,0,0,0,0,0,0,0,0,0,0
255,Owlcat Games,Indie,2,1,$48.6m,$24.3m,Russia,0.67,0.67,0,0,1,0,0.67,1,0,0,0
256,Harebrained Schemes,Indie,5,1,$47.6m,$9.5m,United States,0,0.67,0.33,0,1,0,0.83,0.67,0,0,0
257,OVERKILL Software,Indie,1,0,$47.3m,$47.3m,Sweden,0,0,1,0,0,0,0,0,0,0,0
258,Idea Factory,Indie,48,0,$47.3m,$985k,Japan,0.04,0,0.27,0.04,0.54,0.08,0.44,0.77,0,0,0
259,NeoCoreGames,Indie,13,0,$47.3m,$3.6m,Hungary,0.62,0.54,0.54,0,0.54,0,0.54,0.85,0,0,0
260,Criterion Games,Indie,7,0,$47.1m,$6.7m,United Kingdom,0,0,0.71,0,0.43,0,0,0,0,1,0.14